アイドル名,あいどるめい
相川千夏,あいかわ ちなつ
愛野渚,あいの なぎさ
相葉夕美,あいば ゆみ
相原雪乃,あいはら ゆきの
赤城みりあ,あかぎ みりあ
赤西瑛梨華,あかにし えりか
浅野風香,あさの ふうか
浅利七海,あさり ななみ
アナスタシア,あなすたしあ
安部菜々,あべ なな
綾瀬穂乃香,あやせ ほのか
荒木比奈,あらき ひな
有浦柑奈,ありうら かんな
安斎都,あんざい みやこ
イヴ・サンタクロース,いう さんたくろーす
五十嵐響子,いがらし きょうこ
池袋晶葉,いけぶくろ あきは
伊集院惠,いじゅういん めぐみ
一ノ瀬志希,いちのせ しき
市原仁奈,いちはら にな
今井加奈,いまい かな
井村雪菜,いむら せつな
上田鈴帆,うえだ すずほ
氏家むつみ,うじいえ むつみ
梅木音葉,うめき おとは
江上椿,えがみ つばき
衛藤美紗希,えとう みさき
海老原菜帆,えびはら なほ
及川雫,おいかわ しずく
大石泉,おおいし いずみ
太田優,おおた ゆう
大槻唯,おおつき ゆい
大西由里子,おおにし ゆりこ
大沼くるみ,おおぬま くるみ
大原みちる,おおはら みちる
岡崎泰葉,おかざき やすは
緒方智絵里,おがた ちえり
奥山沙織,おくやま さおり
乙倉悠貴,おとくら ゆうき
片桐早苗,かたぎり さなえ
上条春菜,かみじょう はるな
神谷奈緒,かみや なお
川島瑞樹,かわしま みずき
神崎蘭子,かんざき らんこ
岸部彩華,きしべ あやか
喜多日菜子,きた ひなこ
北川真尋,きたがわ まひろ
喜多見柚,きたみ ゆず
木場真奈美,きば まなみ
木村夏樹,きむら なつき
キャシー・グラハム,きゃしー ぐらはむ
桐野アヤ,きりの あや
桐生つかさ,きりゅう つかさ
日下部若葉,くさかべ わかば
工藤忍,くどう しのぶ
クラリス,くらりす
栗原ネネ,くりはら ねね
黒川千秋,くろかわ ちあき
黒埼ちとせ,くろさき ちとせ
ケイト,けいと
古賀小春,こが こはる
輿水幸子,こしみず さちこ
小関麗奈,こせき れいな
小早川紗枝,こばやかわ さえ
小日向美穂,こひなた みほ
小松伊吹,こまつ いぶき
小室千奈美,こむろ ちなみ
西園寺琴歌,さいおんじ ことか
財前時子,ざいぜん ときこ
斉藤洋子,さいとう ようこ
冴島清美,さえじま きよみ
榊原里美,さかきばら さとみ
鷺沢文香,さぎさわ ふみか
佐久間まゆ,さくま まゆ
櫻井桃華,さくらい ももか
佐々木千枝,ささき ちえ
佐城雪美,さじょう ゆきみ
佐藤心,さとう しん
沢田麻理菜,さわだ まりな
椎名法子,しいな のりこ
塩見周子,しおみ しゅうこ
篠原礼,しのはら れい
渋谷凛,しぶや りん
島村卯月,しまむら うづき
首藤葵,しゅとう あおい
城ヶ崎美嘉,じょうがさき みか
城ヶ崎莉嘉,じょうがさき りか
白菊ほたる,しらぎく ほたる
白坂小梅,しらさか こうめ
白雪千夜,しらゆき ちよ
杉坂海,すぎさか うみ
涼宮星花,すずみや せいか
砂塚あきら,すなづか あきら
関裕美,せき ひろみ
瀬名詩織,せな しおり
仙崎恵磨,せんざき えま
相馬夏美,そうま なつみ
高垣楓,たかがき かえで
高橋礼子,たかはし れいこ
鷹富士茄子,たかふじ かこ
高峯のあ,たかみね のあ
高森藍子,たかもり あいこ
多田李衣菜,ただ りいな
橘ありす,たちばな ありす
月宮雅,つきみや みやび
辻野あかり,つじの あかり
土屋亜子,つちや あこ
東郷あい,とうごう あい
道明寺歌鈴,どうみょうじ かりん
十時愛梨,ととき あいり
長富蓮実,ながとみ はすみ
中野有香,なかの ゆか
ナターリア,なたーりあ
並木芽衣子,なみき めいこ
成宮由愛,なゆみや ゆめ
南条光,なんじょう ひかる
難波笑美,なんば えみ
西川保奈美,にしかわ ほなみ
西島櫂,にしじま かい
新田美波,にった みなみ
二宮飛鳥,にのみや あすか
丹羽仁美,にわ ひとみ
野々村そら,ののむら そら
服部瞳子,はっとり とうこ
浜川愛結奈,はまかわ ゆいな
浜口あやめ,はまぐち あやめ
早坂美玲,はやさか みれい
速水奏,はやみ かなで
原田美世,はらだ みよ
柊志乃,ひいらぎ しの
久川凪,ひさかわ なぎ
久川颯,ひさかわ はやて
日野茜,ひの あかね
姫川友紀,ひめかわ ゆき
兵藤レナ,ひょうどう れな
福山舞,ふくやま まい
藤居朋,ふじい とも
藤原肇,ふじはら はじめ
藤本里奈,ふじもと りな
双葉杏,ふたば あんず
古澤頼子,ふるさわ よりこ
ヘレン,へれん
北条加蓮,ほうじょう かれん
星輝子,ほし しょうこ
星街すいせい,ほしまち すいせい
堀裕子,ほり ゆうこ
本田未央,ほんだ みお
前川みく,まえかわ みく
槙原志保,まきはら しほ
松尾千鶴,まつお ちづる
松永涼,まつなが りょう
松原早耶,まつばら さや
松本沙理奈,まつもと さりな
松山久美子,まつやま くみこ
的場梨沙,まとば りさ
間中美里,まなか みさと
真鍋いつき,まなべ いつき
水木聖來,みずき せいら
水野翠,みずの みどり 
水本ゆかり,みずもと ゆかり
三船美優,みふね みゆ
三村かな子,みむら かなこ
宮本フレデリカ,みやもと ふれでりか
三好紗南,みよし さな
向井拓海,むかい たくみ
棟方愛海,むなかた あつみ
村上巴,むらかみ ともえ
村松さくら,むらまつ さくら
メアリー・コクラン,めありー こくらん
持田亜里沙,もちだ ありさ
望月聖,もちづき ひじり
桃井あずき,ももい あずき
森久保乃々,もりくぼ のの
諸星きらり,もろぼし きらり
楊菲菲,やお ふぇいふぇい
八神マキノ,やがみ まきの
矢口美羽,やぐみ みう
柳清良,やなぎ きよら 
柳瀬美由紀,やなせ みゆき
大和亜季,やまと あき
結城晴,ゆうき はる
遊佐こずえ,ゆさ こずえ
夢見りあむ,ゆめみ りあむ
横山千佳,よこやま ちか
吉岡沙紀,よしおか さき
依田芳乃,よりた よしの
ライラ,らいら
龍崎薫,りゅうざき かおる
若林智香,わかばやし ともか
脇山珠美,わきやま たまみ
和久井留美,わくい るみ
